method,metric,mean,ci_lower,ci_upper
platt_scaling,accuracy,0.9458133333333333,0.92,0.97
platt_scaling,ece,0.021300894713620098,0.006205144961952016,0.04294086299689276
platt_scaling,mce,0.07885020733784265,0.01735459715679265,0.1080002824719515
platt_scaling,brier,0.052103513806368344,0.03133250339109,0.07443539481942453
platt_scaling,nll,0.2163888669768181,0.15344794782493087,0.2843713781218407
