method,accuracy,ece,mce,brier,nll
platt_scaling,0.9466666666666667,0.01883138086653926,0.07706659652741876,0.05135927528235619,0.21409020857497202
temperature_scaling,0.9466666666666667,0.027683587814649437,0.2202705198698549,0.054620861671557816,0.226856163075198
isotonic_regression,0.9466666666666667,0.02989915480781903,0.14396304881374422,0.05322750436277404,0.22168899719047147
raw,0.9466666666666667,0.040216966666666874,0.11878349999999993,0.05292316121722668,0.2800703495237373
