method,mean_probability,observed_accuracy,mean_minus_accuracy,ece,mce,brier,nll
raw,0.9852998533333335,0.9466666666666667,0.03863318666666682,0.040216966666666874,0.11878349999999993,0.05292316121722668,0.2800703495237373
temperature_scaling,0.9189830788520171,0.9466666666666667,-0.027683587814649524,0.027683587814649437,0.2202705198698549,0.054620861671557816,0.226856163075198
platt_scaling,0.9278352858001274,0.9466666666666667,-0.018831380866539238,0.01883138086653926,0.07706659652741876,0.05135927528235619,0.21409020857497202
isotonic_regression,0.9167675118588476,0.9466666666666667,-0.029899154807819017,0.02989915480781903,0.14396304881374422,0.05322750436277404,0.22168899719047147
