risk_tier,cases,threshold,coverage,accepted_accuracy,expected_accepted_accuracy,escalation_rate,expected_loss,wrong_accepted,expected_wrong_accepted
low,57,0.9,0.9298245614035088,0.9433962264150944,0.933040754340074,0.07017543859649122,2019.5360079904265,3,3.5488400199760664
medium,157,0.91,0.910828025477707,0.9440559440559441,0.9330611326780016,0.08917197452229299,11157.80642163664,8,9.5722580270458
high,64,0.92,0.65625,0.9523809523809523,0.934533385882207,0.34375,10999.517351536757,2,2.7495977929472977
mandatory,22,1.0,0.0,,,1.0,7700.0,0,0.0
